ID;marca1;marca2;IDMARCA;Carro;IDMARCA;Moto;;;;;
1;CHEVROLET;HONDA;25;INTEGRA;7;BIZ;;;;;
2;VOLKSWAGEN;AGRALE;25;LEGEND;7;CB 300R;;;;;
3;FIAT;BMW;25;NSX;7;CB 400;;;;;
4;MERCEDES-BENZ;SUZUKI;27;MARRUA;7;CB 500;;;;;
5;CITROEN;LIFAN;28;145;7;CB 600 HORNET;;;;;
6;CHANA;MAHINDRA;28;147;7;CBR 1000F;;;;;
7;HONDA;SHINERAY;28;155;7;FIREBLADE CBR;;;;;
8;SUBARU;KASINSKI;28;156;7;CBR 450;;;;;
10;FERRARI;YAMAHA;28;164;7;CBR 600;;;;;
11;BUGATTI;GARINNI;28;166;7;TWISTER CBX 250;;;;;
12;LAMBORGHINI;SUNDOWN;28;2300;7;CBX 750F;;;;;
13;FORD;KAWASAKI;28;SPIDER;7;CG FAN;;;;;
14;HYUNDAI;POLARIS;156;HUMMER;7;CG TITAN;;;;;
15;JAC;ADLY;16;AM-825;135;CRYPTON T115;;;;;
16;KIA;AMAZONAS;16;HI-TOPIC;133;CRZ;;;;;
17;GURGEL;APRILIA;16;ROCSTA;59;V-STROM DL;;;;;
18;DODGE;ATALA;16;TOPIC;135;DT 200;;;;;
19;CHRYSLER;BAJAJ;16;TOWNER;27;ELEFANTRE;;;;;
20;BENTLEY;BENELLI;32;100;140;FUTURE;;;;;
21;SSANGYONG;BETA;32;80;136;GR 500;;;;;
22;PEUGEOT;BIMOTA;32;A1;136;GRI 50;;;;;
23;TOYOTA;BRANDY;32;A3;59;GSX;;;;;
24;RENAULT;BRAVA;32;A4 SEDAN;59;GSX-R GIXXER/SRAD;;;;;
25;ACURA;BRP;32;A5 COUPE;135;FAZER YS250;;;;;
26;ADAMO;BUELL;32;A6 SEDAN;135;FACTOR YBR125;;;;;
27;AGRALE;BUENO;32;A7;135;YZF R1;;;;;
28;ALFA ROMEO;CAGIVA;32;A8;135;VIRAGO 250;;;;;
29;AMERICAR;MOBILETE;32;Q3;27;CITY;;;;;
31;ASTON MARTIN;DAELIM;32;Q5;27;DAKAR;;;;;
32;AUDI;DAFRA;32;Q7;27;ELEFANT;;;;;
34;BEACH;DAYANG;32;R8;27;FORCE;;;;;
35;BIANCO;DAYUN;32;RS3;27;JUNIOR;;;;;
36;BMW;DERBI;32;RS4;27;SST;;;;;
37;BORGWARD;DUCATI;32;RS5;27;SUPER CITY;;;;;
38;BRILLIANCE;EMME;32;RS6;27;SXT;;;;;
41;BUICK;FYM;32;S3;27;TCHAU;;;;;
42;CBT;GAS GAS;32;S4 SEDAN;177;AME-110;;;;;
43;NISSAN;GREEN;32;S6 SEDAN;177;AME-150;;;;;
44;CHAMONIX;HAOBAO;32;S8;177;AME-250;;;;;
46;CHEDA;HARLEY-DAVIDSON;32;TT;177;AME-LX;;;;;
47;CHERY;HARTFORD;32;TTS;178;AREA-51;;;;;
48;CORD;HERO;157;BUGGY;178;CLASSIC;;;;;
49;COYOTE;HUSABERG;155;DEVILLE;178;LEONARDO;;;;;
50;CROSS LANDER;HUSQVARNA;155;ELDORADO;178;MOTO;;;;;
51;DAEWOO;IROS;155;SEVILLE;178;PEGASO;;;;;
52;DAIHATSU;JIAPENG VOLCANO;42;JAVALI;178;RALLY;;;;;
53;VOLVO;JOHNNYPAG;6;MINI STAR FAMILY;178;RS;;;;;
54;DE SOTO;JONNY;6;MINI STAR UTILITY;178;RSV MILLE;;;;;
55;DETOMAZO;KAHENA;47;CIELO;178;RX;;;;;
56;DELOREAN;KIMCO;47;FACE;178;SCARABEO;;;;;
57;DKW-VEMAG;LAQUILA;47;QQ;178;SONIC;;;;;
59;SUZUKI;LANDUM;47;S-18;178;SR RACING;;;;;
60;EAGLE;LAVRALE;47;TIGGO;178;SR WWW;;;;;
61;EFFA;LERIVO;19;300C;179;CALIFFONE;;;;;
63;ENGESA;LON-V;19;CARAVAN;179;MASTER;;;;;
64;ENVEMO;TRICICLO;19;CIRRUS;179;SKEGIA;;;;;
65;FARUS;MALAGUTI;19;GRAN CARAVAN;180;CHAMPION;;;;;
66;FERCAR;MIZA;19;LE BARON;180;CLASSIC;;;;;
68;FNM;MOTO GUZZI;19;NEON;181;TNT;;;;;
69;PONTIAC;MRX;19;PT CRUISER;181;TRE;;;;;
70;PORSCHE;MV AUGUSTA;19;SEBRING;182;MX-50;;;;;
72;GEO;MVK;19;STRATUS;183;DB4;;;;;
74;GRANCAR;ORCA;19;TOWN E COUNTRY;183;DB5R;;;;;
75;GREAT WALL;PEGASSI;19;VISION;183;DB6;;;;;
76;HAFEI;PIAGGIO;5;AIRCROSS;183;DB6R;;;;;
78;HOFSTETTER;REGAL RAPTOR;5;AX;183;DB7;;;;;
79;HUDSON;SANYANG;5;BERLINGO;183;MANTRA;;;;;
80;HUMMER;SIAMOTO;5;BX;183;SBR8;;;;;
82;INFINITI;TARGOS;5;C3;183;TESI;;;;;
83;INTERNATIONAL;TRAXX;5;C4;36;G650GS;;;;;
86;JAGUAR;VENTO;5;C5;36;S1000RR;;;;;
87;JEEP;WUYANG;5;C6;184;ELEGANT;;;;;
88;JINBEI;GARRA;5;C8;184;FOSTI;;;;;
89;JPX;X MOTOS;5;DS3;184;PISTA;;;;;
90;KAISER;TRICKER;5;EVASION;184;TURBO;;;;;
91;KOENIGSEGG;LAMBRETA;5;JUMPER;184;ZANELLA;;;;;
92;LAUTOMOBILE;OUTROS;5;XANTIA;185;YB;;;;;
93;LAUTOCRAFT;SCOOTER;5;XM;186;CAN-AM;;;;;
94;LADA;ZONGSHEN;5;XSARA;187;1125;;;;;
95;LANCIA;BIRELLI;5;ZX;187;FIREBOLT;;;;;
96;LAND ROVER;WALK MACHINE;50;CL-244;187;LIGHTNING;;;;;
97;LEXUS;FBM;50;CL-330;187;ULYSSES;;;;;
98;LIFAN;ARIEL;51;ESPERO;188;JBR;;;;;
99;LINCOLN;DUCAR;51;LANOS;190;CANYON;;;;;
100;LOBINI;DITALLY;51;LEGANZA;190;ELEFANT;;;;;
101;LOTUS;MARVA;51;NUBIRA;190;GRAN CANYON;;;;;
102;MAHINDRA;WOLVER;51;PRINCE;190;MITO;;;;;
104;MASERATI;KTM;51;RACER;190;NAVIGATOR;;;;;
106;MATRA;LEOPARD;51;SUPER SALON;190;PLANET;;;;;
107;MAYBACH;JAWA;51;TICO;190;ROADSTER;;;;;
108;MAZDA;BULL;52;APPLAUSE;190;V-RAPTOR;;;;;
109;MENON;CAN-AM;52;CHARADE;190;W-16;;;;;
110;MERCURY;ACELLERA;52;CUORE;191;MOBILETE;;;;;
111;MITSUBISHI;VICTORY;52;FEROZA;192;ALTINO;;;;;
112;MG;INDIAN;52;GRAN MOVE;192;MESSAGE;;;;;
113;MINI;BRAVAX;52;MOVE VAN;192;VC;;;;;
114;MIURA;GARELLI;52;TERIOS;192;VF;;;;;
115;MORRIS;;18;AVENGER;192;VS;;;;;
116;MP LAFER;;18;DAKOTA;192;VT;;;;;
117;MPLM;;18;JOURNEY;192;VX;;;;;
118;NEWTRACK;;18;RAM;193;APACHE;;;;;
119;NISSIN;;18;STEALTH;193;CITYCOM;;;;;
120;OLDSMOBILE;;61;M-100;193;KANSAS;;;;;
121;PAG;;61;PLUTUS;193;LASER;;;;;
122;PAGANI;;61;START;193;NEXT;;;;;
123;PLYMOUTH;;61;ULC;193;RIVA;;;;;
124;PUMA;;63;ENGESA;193;ROADWIN;;;;;
125;RENO;;64;CAMPER;193;SMART;;;;;
126;REVA-I;;64;MASTER;193;SPEED;;;;;
127;ROLLS-ROYCE;;10;348;193;SUPER;;;;;
129;ROMI;;10;355;193;ZIG;;;;;
130;SEAT;;10;360;194;DY100-31;;;;;
131;UTILITARIOS AGRICOLAS;;10;456;194;DY110-20;;;;;
132;SHINERAY;;10;550;194;DY125-18;;;;;
137;SAAB;;10;575M;194;DY125-36A;;;;;
139;SHORT;;10;612;194;DY125-37;;;;;
141;SIMCA;;10;CALIFORNIA;194;DY125-5;;;;;
142;SMART;;10;F430;194;DY125-52;;;;;
143;SPYKER;;10;F599;194;DY150-12;;;;;
144;STANDARD;;3;147;194;DY200;;;;;
145;STUDEBAKER;;3;500;195;SUMMER;;;;;
146;TAC;;3;BRAVA;195;DY125-8;;;;;
147;TANGER;;3;BRAVO;195;SPACE;;;;;
148;TRIUMPH;;3;COUPE;195;PHANTON;;;;;
149;TROLLER;;3;DOBLO;195;CITY;;;;;
150;UNIMOG;;3;DUCATO CARGO;195;DY150GY;;;;;
154;WIESMANN;;3;DUNA;195;CARGO 150;;;;;
155;CADILLAC;;3;ELBA;195;CARGO 200;;;;;
156;AM GEN;;3;FIORINO;195;DY250-2;;;;;
157;BUGGY;;3;FREEMONT;196;ATLANTIS;;;;;
158;WILLYS OVERLAND;;3;GRAND SIENA;196;GPR;;;;;
161;KASEA;;3;IDEA;196;PREDATOR;;;;;
162;SATURN;;3;LINEA;196;RED BULLET;;;;;
163;SWELL MINI;;3;MAREA;196;REPLICAS;;;;;
175;SKODA;;3;OGGI;196;SENDA;;;;;
239;KARMANN GHIA;;3;PALIO;197;1098;;;;;
254;KART;;3;PANORAMA;197;1198;;;;;
258;HANOMAG;;3;PREMIO;197;749;;;;;
261;OUTROS;;3;PUNTO;197;848;;;;;
265;HILLMAN;;3;SIENA;197;996;;;;;
288;HRG;;3;STILO;197;998;;;;;
295;GAIOLA;;3;STRADA;197;999;;;;;
338;TATA;;3;TEMPRA;197;999R;;;;;
341;DITALLY;;3;TIPO;197;DESMOSEDICI;;;;;
345;RELY;;3;UNO;197;DIAVEL;;;;;
346;MCLAREN;;13;AEROSTAR;197;HYPERMOTARD;;;;;
534;GEELY;;13;ASPIRE;197;MONSTER;;;;;
;;;13;BELINA;197;MULTISTRADA;;;;;
;;;13;CLUB WAGON;197;SPORTCLASSIC;;;;;
;;;13;CONTOUR;197;SS;;;;;
;;;13;CORCEL II;197;ST-2;;;;;
;;;13;COURIER;197;ST-4;;;;;
;;;13;CROWN VICTORIA;197;STREETFIGHTER;;;;;
;;;13;DEL REY;198;MIRAGE;;;;;
;;;13;ECOSPORT;198;ONE;;;;;
;;;13;EDGE;198;ONE RACING;;;;;
;;;13;ESCORT;200;FY100-10A;;;;;
;;;13;EXPEDITION;200;FY125-19;;;;;
;;;13;EXPLORER;200;FY125-20;;;;;
;;;13;F-100;200;FY125EY-2;;;;;
;;;13;F-1000;200;FY125Y-3;;;;;
;;;13;F-150;200;FY150-3;;;;;
;;;13;F-250;200;FY150T-18;;;;;
;;;13;FIESTA;200;FY250;;;;;
;;;13;FOCUS;136;GR08T4;;;;;
;;;13;FURGLAINE;136;GR 125S/ST;;;;;
;;;13;FUSION;136;GR125T3;;;;;
;;;13;IBIZA;136;GR125U;;;;;
;;;13;KA;136;GR 125Z;;;;;
;;;13;MONDEO;136;GR 150P/PI;;;;;
;;;13;MUSTANG;136;GR150ST;;;;;
;;;13;PAMPA;136;GR150T3;;;;;
;;;13;PROBE;136;GR150TI;;;;;
;;;13;RANGER;136;GR150U;;;;;
;;;13;VERSAILLES ROYALE;136;GR250T3;;;;;
;;;13;TAURUS;201;ENDUCROSS;;;;;
;;;13;THUNDERBIRD;201;ROOKIE ENDURO;;;;;
;;;13;TRANSIT;201;BOY;;;;;
;;;13;VERONA;201;MC;;;;;
;;;13;VERSAILLES;201;PAMPERA;;;;;
;;;13;WINDSTAR;201;TX BOY;;;;;
;;;1;A-10;201;TXT;;;;;
;;;1;A-20;201;TXT ROOKIE;;;;;
;;;1;AGILE;202;EASY;;;;;
;;;1;ASTRA;202;RUNNER;;;;;
;;;1;BLAZER;202;SAFARI;;;;;
;;;1;BONANZA;202;SPORT;;;;;
;;;1;C-10;203;HB-110;;;;;
;;;1;C-20;203;HB-125;;;;;
;;;1;CALIBRA;203;HB-150;;;;;
;;;1;CAMARO;204;SOFTAIL;;;;;
;;;1;CAPRICE;204;TOURING ROAD KING;;;;;
;;;1;CAPTIVA;204;TOURING ELECTRA GLIDE;;;;;
;;;1;CARAVAN;204;DYNA;;;;;
;;;1;CAVALIER;204;V-ROD;;;;;
;;;1;CELTA;205;LEGION;;;;;
;;;1;CHEVY;206;ANKUR;;;;;
;;;1;CHEYNNE;206;PUCH;;;;;
;;;1;COBALT;206;STREAM;;;;;
;;;1;CORSA;7;AMERICA;;;;;
;;;1;CORVETTE;7;CB 1000R;;;;;
;;;1;CRUZE;7;CB 1300;;;;;
;;;1;D-10;7;SUPERBLACKBIRD CBR 1100XX;;;;;
;;;1;D-20;7;CBR 250;;;;;
;;;1;IPANEMA;7;AERO CBX 150;;;;;
;;;1;KADETT;7;STRADA CBX 200;;;;;
;;;1;LUMINA;7;CH 125R;;;;;
;;;1;MALIBU;7;CR 85;;;;;
;;;1;MERIVA;7;GL GOLD WING;;;;;
;;;1;MONTANA;7;LEAD;;;;;
;;;1;OMEGA;7;MAGNA VF 750C;;;;;
;;;1;OPALA;7;NX 200/250;;;;;
;;;1;PRISMA;7;NX 350 SAHARA;;;;;
;;;1;S10;7;NX 400 FALCON;;;;;
;;;1;SILVERADO;7;NXR BROS;;;;;
;;;1;SONIC;7;POP 100;;;;;
;;;1;SONOMA;7;SUPER HAWK;;;;;
;;;1;SPACEVAN;7;TRX;;;;;
;;;1;SS10;7;VALKYRIE;;;;;
;;;1;SUBURBAN;7;VFR 1200;;;;;
;;;1;SYCLONE;7;VTX;;;;;
;;;1;TIGRA;7;VARADERO XL 1000V;;;;;
;;;1;TRACKER;7;XL;;;;;
;;;1;TRAFIC;7;XL 700V TRANSALP;;;;;
;;;1;VECTRA;7;XLR;;;;;
;;;1;VERANEIO;7;XLX;;;;;
;;;1;ZAFIRA;7;VLR 350;;;;;
;;;75;HOVER;7;XR;;;;;
;;;17;BR-800;7;TORNADO XR 250;;;;;
;;;17;CARAJAS;7;XRE 300;;;;;
;;;17;TOCANTINS;207;FE;;;;;
;;;17;XAVANTE;208;CR;;;;;
;;;17;VIP;208;HUSQY;;;;;
;;;76;TOWNER;208;SM;;;;;
;;;7;ACCORD;208;SMR;;;;;
;;;7;CITY;208;TC;;;;;
;;;7;CIVIC;208;TE;;;;;
;;;7;CR-V;208;WR;;;;;
;;;7;FIT;208;WRE;;;;;
;;;7;ODYSSEY;209;ACTION;;;;;
;;;7;PASSPORT;209;BRAVE;;;;;
;;;7;PRELUDE;209;MATRIX;;;;;
;;;14;ACCENT;209;MOVING;;;;;
;;;14;ATOS;209;ONE;;;;;
;;;14;AZERA;209;VINTAGE;;;;;
;;;14;COUPE;209;WARRIOR;;;;;
;;;14;ELANTRA;210;JP;;;;;
;;;14;EXCEL;211;BARHOG;;;;;
;;;14;GALLOPER;211;PROSTREET;;;;;
;;;14;GENESIS;211;SPYDER;;;;;
;;;14;H1;212;ATLANTIC;;;;;
;;;14;H100;212;HYPE;;;;;
;;;14;I30;212;JONNY;;;;;
;;;14;IX35;212;ORBIT;;;;;
;;;14;MATRIX;212;PEGASUS;;;;;
;;;14;PORTER;212;QUICK;;;;;
;;;14;SANTA FE;212;TR;;;;;
;;;14;SCOUPE;213;TOP;;;;;
;;;14;SONATA;213;DUAL;;;;;
;;;14;TERRACAN;133;COMET GT 650;;;;;
;;;14;TRAJET;133;COMET GT-R 650;;;;;
;;;14;TUCSON;133;CRUISE;;;;;
;;;14;VELOSTER;133;ERO;;;;;
;;;14;VERACRUZ;133;FLASH;;;;;
;;;84;AMIGO;133;FURIA;;;;;
;;;84;HOMBRE;133;GF;;;;;
;;;84;RODEO;133;MAGIK;;;;;
;;;15;J3;133;MIDAS;;;;;
;;;15;J5;133;MIRAGE;;;;;
;;;15;J6;133;MOTOKAR;;;;;
;;;86;DAIMLER;133;PRIMA;;;;;
;;;86;S-TYPE;133;RX;;;;;
;;;86;X-TYPE;133;SETA;;;;;
;;;86;MODELOS XJ;133;SOFT;;;;;
;;;86;MODELOS XK;133;SUPER CAB;;;;;
;;;87;CHEROKEE;133;TN;;;;;
;;;87;COMMANDER;133;WAY;;;;;
;;;87;COMPASS;133;WIN;;;;;
;;;87;GRAND CHEROKEE;170;AVAJET;;;;;
;;;87;WRANGLER;170;CONCOURS;;;;;
;;;88;TOPIC VAN;170;D-TRACKER;;;;;
;;;89;JIPE MONTEZ;170;ER-6N;;;;;
;;;89;PICAPE MONTEZ;170;KLX 110/140;;;;;
;;;16;BESTA;170;KX 100/125;;;;;
;;;16;BONGO;170;KZ;;;;;
;;;16;CADENZA;170;MAXI;;;;;
;;;16;CARENS;170;NINJA 250;;;;;
;;;16;CARNIVAL;170;VERSYS;;;;;
;;;16;CERATO;170;VOYAGER;;;;;
;;;16;CERES;170;VULCAN;;;;;
;;;16;CLARUS;170;ZZR;;;;;
;;;16;MAGENTIS;214;DJW;;;;;
;;;16;MOHAVE;214;MBOY;;;;;
;;;16;OPIRUS;214;PEOPLE;;;;;
;;;16;OPTIMA;214;ZING;;;;;
;;;16;PICANTO;215;AKROS;;;;;
;;;16;SEPHIA;215;ERGON;;;;;
;;;16;SHUMA;215;NIX;;;;;
;;;16;SORENTO;216;MOTO TRUCK;;;;;
;;;16;SOUL;217;QUATTOR;;;;;
;;;16;SPORTAGE;218;FORMIGAO;;;;;
;;;94;LAIKA;98;CARGO;;;;;
;;;94;NIVA;219;DE LUXE;;;;;
;;;94;SAMARA;219;E RETRO;;;;;
;;;12;GALLARDO;219;LY;;;;;
;;;12;MURCIELAGO;220;TRICICLO;;;;;
;;;96;DEFENDER;221;CIAK;;;;;
;;;96;DISCOVERY;221;SPIDER;;;;;
;;;96;FREELANDER;222;DRAGO;;;;;
;;;96;NEW RANGE;222;EASY;;;;;
;;;96;RANGE ROVER;222;FAST;;;;;
;;;97;ES;222;SKEMA;;;;;
;;;97;GS;222;VITE;;;;;
;;;97;IS-300;223;CALIFORNIA;;;;;
;;;97;LS;223;QUOTA;;;;;
;;;97;RX;223;V11;;;;;
;;;97;SC;223;LE MANS;;;;;
;;;98;320;224;230R;;;;;
;;;98;620;225;BRUTALE;;;;;
;;;100;H1;225;F4;;;;;
;;;101;ELAN;226;BIG FORCE;;;;;
;;;101;ESPRIT;226;BLACK STAR;;;;;
;;;102;SCORPIO;226;BRX;;;;;
;;;104;222;226;DUAL;;;;;
;;;104;228;226;FENIX GOLD;;;;;
;;;104;3200;226;FOX;;;;;
;;;104;430;226;GO;;;;;
;;;104;COUPE;226;HALLEY;;;;;
;;;104;GHIBLI;226;FENIX;;;;;
;;;104;GRANCABRIO;226;JURASIC;;;;;
;;;104;GRANSPORT;226;MA;;;;;
;;;104;GRANTURISMO;226;SIMBA;;;;;
;;;104;QUATTROPORTE;226;SPORT;;;;;
;;;104;SHAMAL;226;SPYDER;;;;;
;;;104;SPIDER;226;STREET;;;;;
;;;106;PICK-UP;226;SUPER;;;;;
;;;108;323;226;XRT;;;;;
;;;108;626;227;AX;;;;;
;;;108;929;227;JC;;;;;
;;;108;B-2500;227;QM;;;;;
;;;108;B2200;228;BR III;;;;;
;;;108;MILLENIA;22;BUXY;;;;;
;;;108;MPV;22;ELYSEO;;;;;
;;;108;MX-3;22;SCOOTELEC;;;;;
;;;108;MX-5;22;SPEEDAKE;;;;;
;;;108;NAVAJO;22;SPEEDFIGHT;;;;;
;;;108;PROTEGE;22;SQUAB;;;;;
;;;108;RX;22;TREKKER;;;;;
;;;4;CLASSE A;22;VIVACITY;;;;;
;;;4;CLASSE B;22;ZENITH;;;;;
;;;4;CLASSE R;229;BEVERLY;;;;;
;;;4;CLASSE GLK;229;LIBERTY;;;;;
;;;4;SPRINTER;229;MP3;;;;;
;;;110;MYSTIQUE;229;NRG;;;;;
;;;110;SABLE;229;RUNNER;;;;;
;;;112;550;229;VESPA;;;;;
;;;112;MG6;229;ZIP;;;;;
;;;113;COOPER;230;BLACK JACK;;;;;
;;;113;ONE;230;FENIX GOLD;;;;;
;;;111;3000;230;GHOST;;;;;
;;;111;AIRTREK;230;SPYDER;;;;;
;;;111;ASX;231;ENJOY;;;;;
;;;111;COLT;231;HUSKY;;;;;
;;;111;DIAMANT;231;PASSING;;;;;
;;;111;ECLIPSE;132;RACING 200;;;;;
;;;111;EXPO;232;SCROSS;;;;;
;;;111;GALANT;140;AKROS;;;;;
;;;111;GRANDIS;140;ERGON;;;;;
;;;111;L200;140;FIFTY;;;;;
;;;111;L300;140;HUNTER;;;;;
;;;111;LANCER;140;MAX;;;;;
;;;111;MIRAGE;140;PALIO;;;;;
;;;111;MONTERO;140;PGO;;;;;
;;;111;OUTLANDER;140;STX;;;;;
;;;111;PAJERO;140;STX MOTARD;;;;;
;;;111;SPACE WAGON;140;SUPER FIFTY;;;;;
;;;114;BG-TRUCK;140;VBLADE;;;;;
;;;43;350Z;140;WEB;;;;;
;;;43;ALTIMA;140;WEB EVO;;;;;
;;;43;AX;59;ADDRESS;;;;;
;;;43;D-21;59;BANDIT 250;;;;;
;;;43;FRONTIER;59;BOULEVARD;;;;;
;;;43;KING-CAB;59;BURGMAN AN;;;;;
;;;43;LIVINA;59;DR;;;;;
;;;43;MARCH;59;FREEWIND 650;;;;;
;;;43;MAXIMA;59;GS 500;;;;;
;;;43;MURANO;59;GSR;;;;;
;;;43;NX;59;INTRUDER;;;;;
;;;43;PATHFINDER;59;KATANA;;;;;
;;;43;PRIMERA;59;LETS II;;;;;
;;;43;QUEST;59;LT;;;;;
;;;43;SENTRA;59;MARAUDER GZ;;;;;
;;;43;STANZA;59;RF;;;;;
;;;43;180SX;59;RM 250;;;;;
;;;43;TERRANO;59;SAVAGE;;;;;
;;;43;TIIDA;59;TL;;;;;
;;;43;VERSA;59;VX 800;;;;;
;;;43;X-TRAIL;233;TRIMOTO;;;;;
;;;43;XTERRA;234;CJ;;;;;
;;;43;ZX;234;JH;;;;;
;;;22;106;234;JL;;;;;
;;;22;205;234;STAR 50;;;;;
;;;22;206;234;WORK 125;;;;;
;;;22;207;234;SKY 125;;;;;
;;;22;3008;234;FLY 135;;;;;
;;;22;306;234;BEST;;;;;
;;;22;307;148;ADVENTURER;;;;;
;;;22;308;148;BONNEVILLE;;;;;
;;;22;405;148;DAYTONA;;;;;
;;;22;406;148;LEGEND;;;;;
;;;22;407;148;ROCKET;;;;;
;;;22;408;148;SCRAMBLER;;;;;
;;;22;504;148;SPEED TRIPLE;;;;;
;;;22;505;148;SPRINT;;;;;
;;;22;508;148;STREET TRIPLE;;;;;
;;;22;605;148;THRUXTON;;;;;
;;;22;607;148;THUNDERBIRD;;;;;
;;;22;806;148;TIGER;;;;;
;;;22;807;148;TRIDENT;;;;;
;;;22;BOXER;148;TROPHY;;;;;
;;;22;HOGGAR;148;TT-600;;;;;
;;;22;PARTNER;235;REBELLIAN;;;;;
;;;22;RCZ;235;TRITON;;;;;
;;;123;GRAN VOYAGER;235;VTHUNDER;;;;;
;;;123;SUNDANCE;236;WY;;;;;
;;;69;TRANS-AM;135;AXIS;;;;;
;;;69;TRANS-SPORT;135;BWS;;;;;
;;;70;911;135;JOG;;;;;
;;;70;BOXSTER;135;MAJESTY;;;;;
;;;70;CAYENNE;135;MT-03;;;;;
;;;70;CAYMAN;135;NEO AT;;;;;
;;;70;PANAMERA;135;RD 135;;;;;
;;;24;21 SEDAN;135;ROYAL STAR;;;;;
;;;24;CLIO;135;TDM;;;;;
;;;24;DUSTER;135;TDR 180;;;;;
;;;24;EXPRESS;135;TRX;;;;;
;;;24;FLUENCE;135;TT-R;;;;;
;;;24;KANGOO;135;V-MAX 1200;;;;;
;;;24;LAGUNA;135;WR 250F;;;;;
;;;24;LOGAN;135;XJR;;;;;
;;;24;MASTER;135;XT 660R;;;;;
;;;24;MEGANE;135;XTZ 125;;;;;
;;;24;SAFRANE;135;MIDNIGHT STAR XVS;;;;;
;;;24;SANDERO;135;YFS;;;;;
;;;24;SCENIC;59;YES EN 125;;;;;
;;;24;SYMBOL;7;SHADOW;;;;;
;;;24;TRAFIC;246;XM;;;;;
;;;24;TWINGO;253;LAMBRETA;;;;;
;;;137;9000;269;SCOOTER;;;;;
;;;162;SL-2;176;ATV;;;;;
;;;130;CORDOBA;176;JAGUAR;;;;;
;;;130;IBIZA;176;RT;;;;;
;;;130;INCA;281;ZS 200;;;;;
;;;142;FORTWO;282;BW 125;;;;;
;;;21;ACTYON SPORTS;254;KART;;;;;
;;;21;CHAIRMAN;7;DREAM;;;;;
;;;21;ISTANA;135;RX;;;;;
;;;21;KORANDO;294;WALK MACHINE;;;;;
;;;21;KYRON;7;HERO;;;;;
;;;21;MUSSO;7;NC 700X;;;;;
;;;21;REXTON;135;DRAG STAR;;;;;
;;;8;FORESTER;170;BAIO;;;;;
;;;8;IMPREZA;170;KDX;;;;;
;;;8;LEGACY;59;B-KING GSX 1300;;;;;
;;;8;OUTBACK;281;125 ZS;;;;;
;;;8;SVX;178;SR;;;;;
;;;8;TRIBECA;194;DY50;;;;;
;;;8;VIVIO;212;NAKED;;;;;
;;;59;BALENO;212;RACER;;;;;
;;;59;GRAND VITARA;212;TEXAS;;;;;
;;;59;IGNIS;7;CRF 110/150;;;;;
;;;59;JIMNY;135;XJ6;;;;;
;;;59;SUPER CARRY;135;LANDER XTZ 250;;;;;
;;;59;SWIFT;135;ALBA;;;;;
;;;59;SX4;135;FROG;;;;;
;;;59;VITARA;135;LIBERO;;;;;
;;;59;WAGON R;135;GLADIATOR;;;;;
;;;146;STARK;135;MEST;;;;;
;;;23;AVALON;135;ECCY;;;;;
;;;23;BANDEIRANTE;135;PASSOL;;;;;
;;;23;CAMRY;135;EC-02;;;;;
;;;23;CELICA;135;YZ 85LW;;;;;
;;;23;COROLLA;135;V-STAR;;;;;
;;;23;CORONA;135;PAS;;;;;
;;;23;HILUX;135;AEROX;;;;;
;;;23;LAND CRUISER;135;MORPHOUS;;;;;
;;;23;MR-2;135;XF50X;;;;;
;;;23;PASEO;135;LAGEND;;;;;
;;;23;PREVIA;135;TZR;;;;;
;;;23;RAV4;135;QT50;;;;;
;;;23;SUPRA;234;SHARK;;;;;
;;;149;PANTANAL;7;FURY;;;;;
;;;149;T-4;7;STUNNER;;;;;
;;;53;400 SERIES;7;CB 50;;;;;
;;;53;850;7;BOLDOR CB 900;;;;;
;;;53;900 SERIES;7;CBF 600;;;;;
;;;2;AMAROK;7;CBR 400RR;;;;;
;;;2;APOLLO;7;CBX 1000;;;;;
;;;2;BORA;7;CD 125;;;;;
;;;2;CARAVELLE;7;ML 125;;;;;
;;;2;CORRADO;7;NSR 500;;;;;
;;;2;EOS;7;RC;;;;;
;;;2;EUROVAN;7;PAN-EUROPEAN ST;;;;;
;;;2;FOX;7;TURUNA 125;;;;;
;;;2;FUSCA;7;VTR;;;;;
;;;2;GOL;7;AFRICA TWIN XRV 750;;;;;
;;;2;GOLF;297;MZ 250;;;;;
;;;2;JETTA;297;KAPRA;;;;;
;;;2;KOMBI;297;RALLYE;;;;;
;;;2;LOGUS;297;PASSEIO;;;;;
;;;2;PARATI;59;BANDIT 400;;;;;
;;;2;PASSAT;59;BANDIT 600;;;;;
;;;2;POINTER;59;BANDIT GSF 750;;;;;
;;;2;POLO;59;BANDIT 1200;;;;;
;;;2;SANTANA;59;HAYABUSA;;;;;
;;;2;SAVEIRO;59;INTRUDER CUSTOM;;;;;
;;;2;SPACEFOX;59;RV;;;;;
;;;2;TIGUAN;59;SV;;;;;
;;;2;TOUAREG;59;MARAUDER VZ;;;;;
;;;2;VOYAGE;7;CG CARGO/JOB;;;;;
;;;25;ZDX;27;EXPLORER;;;;;
;;;3;140;170;ELIMINATOR;;;;;
;;;2;BRASILIA;170;GTR;;;;;
;;;13;BRASILVAN;170;KLE;;;;;
;;;13;CORCEL;170;KLR;;;;;
;;;3;PALIO WEEKEND;170;SUPER SHERPA;;;;;
;;;13;FOCUS SEDAN;170;ZRX;;;;;
;;;13;FIESTA SEDAN;170;ZR;;;;;
;;;13;FIESTA TRAIL;170;NINJA 1400;;;;;
;;;22;207 SW;135;FS1;;;;;
;;;13;ESCORT SW;203;HB-50;;;;;
;;;22;307 SEDAN;7;PC 50;;;;;
;;;22;307 SW;7;CG 125;;;;;
;;;5;C4 PALLAS;7;PACIFIC COAST;;;;;
;;;5;C4 PICASSO;7;CG TODAY;;;;;
;;;5;C4 VTR;59;GT;;;;;
;;;24;CLIO SEDAN;135;FZR1000;;;;;
;;;23;COROLLA FIELDER;59;GSI;;;;;
;;;23;HILUX SW4;213;AMAZONAS;;;;;
;;;24;MEGANE GRAND TOUR;7;CB 125;;;;;
;;;24;SANDERO STEPWAY;132;PHOENIX 50;;;;;
;;;5;XSARA PICASSO;132;INDIANAPOLIS 200;;;;;
;;;131;COLHEITADEIRA;132;F35/F40;;;;;
;;;158;PICKUP F75;132;X2 250;;;;;
;;;17;X12;132;MAX 150;;;;;
;;;1;BEL AIR;132;NEW WAVE 125;;;;;
;;;36;RX;132;EXPLORER 150;;;;;
;;;1;C-14;135;XS400;;;;;
;;;155;SRX4;135;RD 350 VIUVA NEGRA;;;;;
;;;1;C-15;132;XY 250;;;;;
;;;1;BRASIL;59;JOB;;;;;
;;;18;POLARA;299;RED HUNTER;;;;;
;;;3;600;299;W/NG;;;;;
;;;13;F-01;299;M2F;;;;;
;;;13;FALCON;299;GOLDEN ARROW;;;;;
;;;13;GALAXIE;59;AE 50;;;;;
;;;13;MAVERICK;102;RODEO;;;;;
;;;13;MODELO A;102;DURO;;;;;
;;;13;NEW FIESTA;7;DUTY;;;;;
;;;82;LINHA FX;340;150;;;;;
;;;124;GTS;341;WAKE 500;;;;;
;;;80;H3;341;OUTCROSS;;;;;
;;;14;PRIME;341;JOY PLUS;;;;;
;;;14;TIBURON;341;PASSION;;;;;
;;;87;JEEP;341;TREND;;;;;
;;;87;CJ5;341;PIT BULL;;;;;
;;;239;TC;341;BRUTTUS;;;;;
;;;4;CLASSE CLC;342;UFO 50;;;;;
;;;4;CLASSE CLS;342;LF250ST;;;;;
;;;110;MONTEREY;342;FOX 150R;;;;;
;;;114;TOPSPORT;342;LF400ST;;;;;
;;;114;TARGA;342;VR 150 WIND;;;;;
;;;114;X8;342;HERCULES 200;;;;;
;;;43;370Z;342;ONIX 50R;;;;;
;;;124;GTB;342;HS 150 FIRE;;;;;
;;;124;GTC;132;JET 50;;;;;
;;;124;GTE;132;RETRO 50;;;;;
;;;115;AUSTIN;132;NEW 50;;;;;
;;;24;7TL;132;EAGLE 50;;;;;
;;;24;19;132;SUPER SMART 50;;;;;
;;;175;CONVERSÍVEL;132;NEW 200;;;;;
;;;17;SUPERMINI;132;CARGO 200;;;;;
;;;2;TL;132;BRAVO 200;;;;;
;;;3;TOPOLINO;132;STRONG 250;;;;;
;;;23;SR5;132;FUTURE 150;;;;;
;;;23;VITZ;343;KN 150;;;;;
;;;2;VARIANT;343;KN 125 S;;;;;
;;;57;CANDANGO;343;KN 50 S;;;;;
;;;2;SP2;209;IZY 50;;;;;
;;;258;RECORB;7;PCX;;;;;
;;;2;POLAUTO;36;AIRHEAD;;;;;
;;;24;GORDINI;36;C1;;;;;
;;;265;MINX;36;F650GS;;;;;
;;;23;ETIOS;36;F650CS;;;;;
;;;1;ONIX;36;F800GS;;;;;
;;;14;HB20;36;K75;;;;;
;;;36;330;36;K100;;;;;
;;;36;520;36;K1200R;;;;;
;;;36;730;36;K1300R;;;;;
;;;36;M1;36;K1200GT;;;;;
;;;36;SERIE Z;36;K1300GT;;;;;
;;;4;CLASSE SLK;36;K1200GS;;;;;
;;;4;CLASSE C;36;K1200S;;;;;
;;;4;CLASSE E;36;R32;;;;;
;;;4;CLASSE CL;36;R51/3;;;;;
;;;4;CLASSE CLK;36;R27;;;;;
;;;4;CLASSE S;36;R60;;;;;
;;;4;CLASSE SL;36;R75;;;;;
;;;4;CLASSE SLS;36;R75/5;;;;;
;;;4;CLASSE G;36;R90S;;;;;
;;;4;CLASSE GL;36;R1200C;;;;;
;;;4;CLASSE M;36;R1150GS;;;;;
;;;288;1500;36;R1200RT;;;;;
;;;14;EQUUS;204;SPORTSTER;;;;;
;;;12;350 GT;204;TOURING STREET GLIDE;;;;;
;;;12;400 GT;135;XTZ 250 TENERE;;;;;
;;;12;MIURA;135;XT 225;;;;;
;;;12;ISLERO;135;XT 660Z TENERE;;;;;
;;;12;ESPADA;135;XT 1200Z SUPER TENERE;;;;;
;;;12;COUNTACH;234;MOBY 50;;;;;
;;;12;DIABLO;234;JOTO 135;;;;;
;;;12;ZAGATO;234;MONTEZ 250;;;;;
;;;12;ALAR;234;DUNNA 600;;;;;
;;;12;LM002;234;VICO;;;;;
;;;12;REVENTON;135;FAZER FZ6;;;;;
;;;12;ANKONIAN;135;FAZER YS150;;;;;
;;;12;AVENTADOR;135;FAZER FZ1;;;;;
;;;12;SESTO ELEMENTO;135;YZF 600R;;;;;
;;;15;J3 TURIN;135;YZF R6;;;;;
;;;15;J2;7;CRF 230/250;;;;;
;;;24;SANDERO GT;7;CRF 450;;;;;
;;;1;SPIN;7;NX 650 DOMINATOR;;;;;
;;;1;TRAILBLAZER;7;CR 250;;;;;
;;;5;C3 PICASSO;7;CR 125;;;;;
;;;5;GRAND C4 PICASSO;349;HB;;;;;
;;;5;JUMPER MINIBUS;358;OUTLANDER 400;;;;;
;;;5;JUMPER VETRATO;358;OUTLANDER 500;;;;;
;;;22;207 SEDAN;358;OUTLANDER 650;;;;;
;;;22;207 QUIKSILVER;358;OUTLANDER 800R;;;;;
;;;22;207 ESCAPADE;358;OUTLANDER MAX 400;;;;;
;;;22;308 CC;358;OUTLANDER MAX 500;;;;;
;;;22;BOXER PASSAGEIRO;358;OUTLANDER MAX 650;;;;;
;;;13;NEW FIESTA SEDAN;358;OUTLANDER MAX 800R;;;;;
;;;13;TRANSIT PASSAGEIRO;358;OUTLANDER MAX LTD 800R;;;;;
;;;13;TRANSIT CHASSI;358;RENEGADE 500;;;;;
;;;32;A4 AVANT;358;RENEGADE 800R;;;;;
;;;32;S4 AVANT;358;DS 250;;;;;
;;;32;A5 SPORTBACK;358;DS 450;;;;;
;;;32;A5 CABRIOLET;358;DS 90;;;;;
;;;32;S5 COUPE;358;RT;;;;;
;;;32;S5 SPORTBACK;358;RS;;;;;
;;;32;S5 CABRIOLET;170;NINJA 1000;;;;;
;;;32;A6 AVANT;170;NINJA 600;;;;;
;;;32;A6 ALLROAD;170;NINJA 300;;;;;
;;;32;S6 AVANT;170;NINJA 1100;;;;;
;;;32;S7;170;NINJA 900;;;;;
;;;32;TT ROADSTER;170;NINJA 700;;;;;
;;;32;TT RS;170;NINJA 1200;;;;;
;;;32;TT RS ROADSTER;170;Z1000;;;;;
;;;32;TTS ROADSTER;170;Z750;;;;;
;;;32;R8 SPYDER;170;Z800;;;;;
;;;32;R8 GT;170;VERSYS CITY;;;;;
;;;32;R8 GT SPYDER;170;VERSYS GRAND TOURER;;;;;
;;;10;F12;170;VERSYS TOURER;;;;;
;;;10;458 SPIDER;170;VERSYS 1000;;;;;
;;;10;458 ITALIA;170;KX 450/500;;;;;
;;;10;FF;170;KX 250;;;;;
;;;10;599;170;KX 65/85;;;;;
;;;10;SA;170;KLX 400/450;;;;;
;;;10;CHALLENGE;170;KLX 250/300;;;;;
;;;10;SUPERAMERICA;135;TMAX;;;;;
;;;10;F430 SPIDER;135;YFM 700R;;;;;
;;;10;430;135;GRIZZLY;;;;;
;;;10;612 SESSANTA;344;50 SX;;;;;
;;;10;599 GTB;344;65 SX;;;;;
;;;10;SCUDERIA SPIDER;344;85 SX;;;;;
;;;10;512;344;125 SX;;;;;
;;;10;456 GT;344;150 SX;;;;;
;;;10;348 GTS;344;250 SX;;;;;
;;;10;348 SPIDER;344;350 SX;;;;;
;;;10;F355;344;450 SX-F;;;;;
;;;10;F355 SPIDER;344;350 EXC;;;;;
;;;10;F50;344;500 EXC;;;;;
;;;10;355 SPIDER;344;150 XC;;;;;
;;;10;360 MODENA;344;250 XC;;;;;
;;;111;PAJERO FULL;344;300 XC;;;;;
;;;111;PAJERO DAKAR;344;450 XC-F/W;;;;;
;;;111;PAJERO TR4;344;200 XC;;;;;
;;;111;LANCER SPORTBACK;344;690 ENDURO R;;;;;
;;;111;LANCER EVOLUTION;344;1190 ADVENTURE;;;;;
;;;111;L200 TRITON SAVANA;344;990 SM T;;;;;
;;;111;L200 TRITON;344;990 ADVENTURE BAJA;;;;;
;;;43;LIVINA X-GEAR;344;690 DUKE;;;;;
;;;43;GRAND LIVINA;344;1190 RC8 R;;;;;
;;;21;NEW ACTYON SPORTS;359;ACX 250F;;;;;
;;;23;PRIUS;359;HOTZOO SPORT 90;;;;;
;;;114;SPORT;359;SPORTLANDER 150R;;;;;
;;;114;MTS;359;SPORTLANDER 250XR;;;;;
;;;114;SPIDER;359;SPORTLANDER 350ZX;;;;;
;;;114;KABRIO;359;SPORTLANDER 450TR;;;;;
;;;114;SAGA;359;QUADRILANDER 300;;;;;
;;;114;SAGA II;359;QUADRILANDER 400;;;;;
;;;114;787;359;QUADRILANDER 600;;;;;
;;;114;X11;359;FRONTLANDER 500;;;;;
;;;295;GAIOLA;359;FRONTLANDER 800 EFI;;;;;
;;;18;NITRO;344;525 XC;;;;;
;;;18;CHALLENGER;344;505 SX;;;;;
;;;18;DART;344;450 XC;;;;;
;;;18;LE BARON;344;450 SX;;;;;
;;;18;CORDOBA;132;VENICE 50;;;;;
;;;18;CHARGER;132;LIBERTY 50;;;;;
;;;19;WINDSOR;132;BIKE 50;;;;;
;;;19;CROSSFIRE;132;JET 125;;;;;
;;;19;CORDOBA;132;CUSTOM 250;;;;;
;;;155;ESCALADE;132;DISCOVER 250;;;;;
;;;41;RIVIERA;171;RZR 570;;;;;
;;;41;COUPE;171;RZR 800;;;;;
;;;41;CENTURY;171;RZR 800 XC;;;;;
;;;41;APOLLO;171;RZR S 800;;;;;
;;;41;CENTURION;171;RZR 900;;;;;
;;;41;EIGHT;171;RZR XP 1000;;;;;
;;;41;ELECTRA;171;RZR 4 800;;;;;
;;;41;ESTATE WAGON;171;RZR 4 900;;;;;
;;;41;GRAN SPORT;171;RZR 4 1000;;;;;
;;;41;GSX;171;RANGER 6X6;;;;;
;;;41;INVICTA;171;RANGER 800;;;;;
;;;41;LESABRE;171;RANGER DIESEL;;;;;
;;;41;LIMITED;171;RANGER XP 900;;;;;
;;;41;PARK AVENUE;171;RANGER 400;;;;;
;;;41;RAINIER;171;RANGER 570;;;;;
;;;41;REATTA;171;RANGER 800 MIDSIZE;;;;;
;;;41;REGAL;171;RANGER EV;;;;;
;;;41;RENDEZVOUS;171;RANGER CREW 570;;;;;
;;;41;ROADMASTER;171;RANGER CREW 800;;;;;
;;;41;ROYAUM;171;RANGER CREW DIESEL;;;;;
;;;41;SKYHAWK;171;RANGER CREW 900;;;;;
;;;41;SKYLARK;171;SPORTSMAN 550 EPS;;;;;
;;;41;SOMERSET;171;SPORTSMAN 570;;;;;
;;;41;SPECIAL;171;SPORTSMAN 400 HO;;;;;
;;;41;SPORT WAGON;171;SPORTSMAN WV850 HO;;;;;
;;;41;SUPER;171;SPORTSMAN XP 850;;;;;
;;;41;TERRAZA;171;SPORTSMAN 800 EFI;;;;;
;;;41;WILDCAT;171;SPORTSMAN BIG BOSS 6X6 800;;;;;
;;;41;LACROSSE;171;SCRAMBLER XP 850 HO;;;;;
;;;41;ENCLAVE;171;SCRAMBLER XP 1000 EPS;;;;;
;;;41;GL8;171;SPORTSMAN TOURING 850;;;;;
;;;41;HRV;171;SPORTSMAN TOURING 570;;;;;
;;;41;LUCERNE;171;SPORTSMAN TOURING 550;;;;;
;;;13;SIERRA;171;SPORTSMAN X2 550;;;;;
;;;51;BROUGHAM;171;PHOENIX 200;;;;;
;;;51;CHAIRMAN;171;RZR 170;;;;;
;;;51;DAMAS;171;OUTLAW 90;;;;;
;;;51;GENTRA;171;SPORTSMAN 90;;;;;
;;;51;MAEPSY;171;OUTLAW 50;;;;;
;;;51;ISTANA;171;BRUTUS;;;;;
;;;51;KALOS;483;CROSS ROADS 8-BALL;;;;;
;;;51;KORANDO;483;CROSS ROADS CLASSIC;;;;;
;;;51;LACETTI;483;CROSS COUNTRY 8-BALL;;;;;
;;;51;LEMANS;483;CROSS COUNTRY;;;;;
;;;51;MATIZ;483;NESS CROSS COUNTRY;;;;;
;;;51;MUSSO;483;VISION TOUR;;;;;
;;;51;NEXIA;483;CROSS COUNTRY TOUR;;;;;
;;;51;REZZO;483;CROSS COUNTRY TOUR ANNIVERSARY;;;;;
;;;51;ROYALE PRINCE;483;VEGAS 8-BALL;;;;;
;;;51;ROYALE SALON;483;HIGH-BALL;;;;;
;;;51;STATESMAN;483;HAMMER 8-BALL;;;;;
;;;51;TOSCA;483;BOARDWALK;;;;;
;;;51;WINSTORM;483;JACKPOT;;;;;
;;;158;RURAL;483;JUDGE;;;;;
;;;18;D100;483;ZACH NESS CROSS COUNTRY;;;;;
;;;4;170;483;HARD-BALL;;;;;
;;;18;CUSTOM ROYAL;483;NESS VISION;;;;;
;;;1;CLUB COUPE;483;CORY NESS CROSS COUNTRY TOUR;;;;;
;;;18;MAGNUM;484;CHIEF CLASSIC;;;;;
;;;1;GMC 100;484;CHIEF VINTAGE;;;;;
;;;69;SOLSTICE;484;CHIEFTAIN;;;;;
;;;158;ITAMARATY;98;COOL STAR 125;;;;;
;;;86;MARK V;98;X3;;;;;
;;;124;GT;98;JOJO 110;;;;;
;;;145;CHAMPION;98;CC125;;;;;
;;;3;BALILLA;98;CC150;;;;;
;;;158;INTERLAGOS;98;KP150F;;;;;
;;;17;X15;98;LF100;;;;;
;;;13;F-85;98;PK125;;;;;
;;;70;SPEEDSTER 356;98;POWER KING;;;;;
;;;88;TOPIC FURGAO;98;CROSS;;;;;
;;;88;TOPIC ESCOLAR;98;GLOW 110S;;;;;
;;;4;300D;98;KP150;;;;;
;;;4;CLASSE TE;98;POWER MAN 250;;;;;
;;;23;T-100;98;HIKER;;;;;
;;;24;MEGANE SEDAN;98;IV;;;;;
;;;32;A4 CABRIOLET;98;STEED 250;;;;;
;;;82;LINHA G;98;TRAVELLER;;;;;
;;;82;LINHA G COUPE;98;TB125;;;;;
;;;82;LINHA G CONVERSIVEL;98;PK110F;;;;;
;;;82;LINHA M;98;LF125;;;;;
;;;82;LINHA EX;98;LF125;;;;;
;;;82;LINHA JX;532;F2 PLUS;;;;;
;;;82;LINHA QX;532;SUPER F2;;;;;
;;;86;MODELOS XF;532;SUPER F1;;;;;
;;;86;F-TYPE;532;SUPER F3;;;;;
;;;86;MARK VII;532;BVX 125;;;;;
;;;86;MARK VIII;532;BVX 130 STREET;;;;;
;;;86;MARK IX;532;BVX 150 S1;;;;;
;;;86;MARK X;532;TR 150 D6;;;;;
;;;86;E-TYPE;532;AX 200;;;;;
;;;86;C-TYPE;532;BVX 200;;;;;
;;;86;D-TYPE;532;BX 260;;;;;
;;;86;MARK I;532;BR 250 D1;;;;;
;;;86;MARK II;532;CARGO 260;;;;;
;;;124;GT4R;133;COMET GT 250;;;;;
;;;124;SPYDER;133;COMET GT-R 250;;;;;
;;;124;GTI;135;RD 50;;;;;
;;;124;AM1;135;DT 50;;;;;
;;;124;AM2;135;MT-01;;;;;
;;;124;AM3;135;FZ-09;;;;;
;;;124;AM4;135;MT-07;;;;;
;;;124;AMV;135;FZR600;;;;;
;;;7;ACTY;135;FZR400;;;;;
;;;7;AIRWAVE;135;FZR250;;;;;
;;;7;ASCOT;135;XS500;;;;;
;;;7;BALLADE;135;XS650;;;;;
;;;7;BEAT;135;XS750;;;;;
;;;7;CR-X;135;XS850;;;;;
;;;7;CONCERTO;135;XS1100;;;;;
;;;7;CR-Z;135;SR500;;;;;
;;;7;DOMANI;135;SRX 400;;;;;
;;;7;EDIX;135;SRX 600;;;;;
;;;7;ELEMENT;135;V-MAX 1680;;;;;
;;;7;EV PLUS;135;FJR1300;;;;;
;;;7;FCX;135;XTZ 750 SUPER TENERE;;;;;
;;;7;FR-V;135;XT 600;;;;;
;;;7;HR-V;135;VIRAGO 400;;;;;
;;;7;HSC;135;VIRAGO 535;;;;;
;;;7;INSIGHT;135;VIRAGO 750;;;;;
;;;25;TL;135;VIRAGO 1400;;;;;
;;;7;LIFE DUNK;135;XZ 550;;;;;
;;;7;LOGO;135;YZR 500;;;;;
;;;7;MOBILIO;135;WR 450F;;;;;
;;;25;MDX;135;TZ 250;;;;;
;;;7;ORTHIA;135;YZ 125;;;;;
;;;7;PARTNER VAN;135;YZ 250;;;;;
;;;7;PILOT;135;YZ 450;;;;;
;;;7;RIDGELINE;135;TX500;;;;;
;;;7;S2000;135;XR 180;;;;;
;;;7;S600;135;TT 125;;;;;
;;;7;S500;170;ER-5;;;;;
;;;7;S800;204;CVO;;;;;
;;;7;STEPWGN;185;ALPINA;;;;;
;;;7;STREAM;185;APOLO;;;;;
;;;7;THATS;185;NEVADA;;;;;
;;;7;VAMOZ;185;WINSTAR;;;;;
;;;7;Z;185;ELEKTRA;;;;;
;;;7;ZEST;185;TEXANA;;;;;
;;;59;AERIO;185;ALTINO;;;;;
;;;59;ALTO;185;AQUILA;;;;;
;;;59;APV;185;DAYSTAR ROUTIER;;;;;
;;;59;KEI;;;;;;;
;;;59;LAPIN;;;;;;;
;;;59;MR WAGON;;;;;;;
;;;59;XL-7;;;;;;;
;;;59;VERONA;;;;;;;
;;;158;JEEP CJ;;;;;;;
;;;22;306 CABRIOLET;;;;;;;
;;;57;BELCAR;;;;;;;
;;;90;M715;;;;;;;
;;;22;407 SW;;;;;;;
;;;22;307 CC;;;;;;;
;;;1;STYLELINE;;;;;;;
;;;13;ANGLIA;;;;;;;
;;;26;GT2;;;;;;;
;;;1;YUKON;;;;;;;
;;;54;SPORTSMAN;;;;;;;
;;;24;21 NEVADA;;;;;;;
;;;11;VEYRON;;;;;;;
;;;10;ENZO;;;;;;;
;;;22;306 SW;;;;;;;
;;;28;TI 80;;;;;;;
;;;70;SPYDER 550;;;;;;;
;;;10;380 GTB;;;;;;;
;;;149;T-5;;;;;;;
;;;18;KINGSWAY;;;;;;;
;;;1;SSR;;;;;;;
;;;1;IMPALA;;;;;;;
;;;22;208;;;;;;;
;;;1;GRAND BLAZER;;;;;;;
;;;53;100 SERIES;;;;;;;
;;;53;200 SERIES;;;;;;;
;;;53;300 SERIES;;;;;;;
;;;53;66;;;;;;;
;;;53;700 SERIES;;;;;;;
;;;53;AMAZON;;;;;;;
;;;53;C303;;;;;;;
;;;53;DUETT;;;;;;;
;;;53;L3314;;;;;;;
;;;53;OV 4;;;;;;;
;;;53;P1800;;;;;;;
;;;53;SUGGA;;;;;;;
;;;13;TT;;;;;;;
;;;5;ONCE;;;;;;;
;;;13;DE LUXE;;;;;;;
;;;13;CUSTOM;;;;;;;
;;;13;T-BUCKET;;;;;;;
;;;17;G15;;;;;;;
;;;111;PAJERO FULL 3D;;;;;;;
;;;111;PAJERO SPORT;;;;;;;
;;;36;120 CABRIO;;;;;;;
;;;36;320 TOURING;;;;;;;
;;;36;330 CABRIO;;;;;;;
;;;36;SERIE 5 TOURING;;;;;;;
;;;36;SERIE 6 CABRIO;;;;;;;
;;;36;SERIE M CONVERSIVEL;;;;;;;
;;;36;M5 TOURING;;;;;;;
;;;36;SERIE Z ROADSTER;;;;;;;
;;;13;KA SPORT;;;;;;;
;;;2;CC;;;;;;;
;;;16;CERATO KOUP;;;;;;;
;;;1;ASTRO;;;;;;;
;;;23;COROLLA XRS;;;;;;;
;;;23;ETIOS SEDAN;;;;;;;
;;;13;FREESTYLE;;;;;;;
;;;110;COUGAR;;;;;;;
;;;102;XUV 500;;;;;;;
;;;102;XYLO;;;;;;;
;;;102;BOLERO;;;;;;;
;;;102;THAR;;;;;;;
;;;102;AXE;;;;;;;
;;;102;LEGEND;;;;;;;
;;;87;CJ3;;;;;;;
;;;102;ARMADA;;;;;;;
;;;102;CHASSI;;;;;;;
;;;102;SCORPIO PICK-UP;;;;;;;
;;;6;STAR TRUCK;;;;;;;
;;;6;STAR;;;;;;;
;;;6;STAR VAN CARGO;;;;;;;
;;;6;STAR VAN PASSAGEIROS;;;;;;;
;;;141;ALVORADA;;;;;;;
;;;141;CHAMBORD;;;;;;;
;;;141;PROFISSIONAL;;;;;;;
;;;141;VEDETTE;;;;;;;
;;;141;ARONDE;;;;;;;
;;;141;1200S;;;;;;;
;;;141;1000;;;;;;;
;;;14;HB20X;;;;;;;
;;;14;HB20S;;;;;;;
;;;1;MONZA;;;;;;;
;;;1;CHEVETTE;;;;;;;
;;;98;X60;;;;;;;
;;;1;TRAX;;;;;;;
;;;36;118;;;;;;;
;;;36;120;;;;;;;
;;;36;130;;;;;;;
;;;36;BAVARIA;;;;;;;
;;;36;C-2800;;;;;;;
;;;36;318;;;;;;;
;;;36;320;;;;;;;
;;;36;318 CABRIO;;;;;;;
;;;36;325 CABRIO;;;;;;;
;;;36;530;;;;;;;
;;;36;540;;;;;;;
;;;36;550;;;;;;;
;;;36;740;;;;;;;
;;;36;750;;;;;;;
;;;36;760;;;;;;;
;;;341;MATRIX 4X4;;;;;;;
;;;132;A7;;;;;;;
;;;132;A9;;;;;;;
;;;132;A9 CARGO;;;;;;;
;;;132;T20;;;;;;;
;;;132;T20 BAU;;;;;;;
;;;132;T22;;;;;;;
;;;64;SUPER 90 COUPE;;;;;;;
;;;17;X20;;;;;;;
;;;17;ITAIPU;;;;;;;
;;;17;G800;;;;;;;
;;;17;XEF;;;;;;;
;;;17;MOTOMACHINE;;;;;;;
;;;17;BUGATO;;;;;;;
;;;17;QT;;;;;;;
;;;57;CAICARA;;;;;;;
;;;57;CARCARA;;;;;;;
;;;57;FISSORE;;;;;;;
;;;57;MALZONI;;;;;;;
;;;57;VEMAGUET;;;;;;;
;;;5;C4 LOUNGE;;;;;;;
;;;108;CX-7;;;;;;;
;;;147;TR;;;;;;;
;;;147;LUCENA;;;;;;;
;;;147;SEVETSE;;;;;;;
;;;147;RAGGE;;;;;;;
;;;53;C70;;;;;;;
;;;53;C30;;;;;;;
;;;53;544;;;;;;;
;;;53;S40;;;;;;;
;;;53;S60;;;;;;;
;;;53;S70;;;;;;;
;;;53;S80;;;;;;;
;;;53;V40;;;;;;;
;;;53;V50;;;;;;;
;;;53;V60;;;;;;;
;;;53;V70;;;;;;;
;;;53;S90;;;;;;;
;;;53;XC60;;;;;;;
;;;53;XC70;;;;;;;
;;;53;XC90;;;;;;;
;;;53;P1900;;;;;;;
;;;53;PV36;;;;;;;
;;;53;PV444;;;;;;;
;;;53;PV544;;;;;;;
;;;53;PV51;;;;;;;
;;;53;PV654;;;;;;;
;;;53;C50;;;;;;;
;;;4;190;;;;;;;
;;;4;CLASSE CLA;;;;;;;
;;;4;CLASSE V;;;;;;;
;;;4;VANEO;;;;;;;
;;;4;CITAN;;;;;;;
;;;4;VARIO;;;;;;;
;;;4;CLASSE S CLASSICO;;;;;;;
;;;15;J3S;;;;;;;
;;;345;PICK-UP;;;;;;;
;;;345;VAN;;;;;;;
;;;5;C3 SOLARIS;;;;;;;
;;;5;C3 XTR;;;;;;;
;;;5;C4 SOLARIS;;;;;;;
;;;5;C5 BREAK/TOURER;;;;;;;
;;;5;XSARA BREAK;;;;;;;
;;;5;XSARA VTS;;;;;;;
;;;5;XANTIA BREAK;;;;;;;
;;;5;XM BREAK;;;;;;;
;;;5;C15;;;;;;;
;;;5;NEMO;;;;;;;
;;;5;VISA;;;;;;;
;;;5;C1;;;;;;;
;;;5;C2;;;;;;;
;;;5;C3 PLURIEL;;;;;;;
;;;5;DS4;;;;;;;
;;;5;DS5;;;;;;;
;;;5;JUMPY;;;;;;;
;;;5;C-CROSSER;;;;;;;
;;;5;C35;;;;;;;
;;;5;C25;;;;;;;
;;;5;CX;;;;;;;
;;;5;CX BREAK;;;;;;;
;;;5;AXEL;;;;;;;
;;;5;DYANE;;;;;;;
;;;5;GS/GSA;;;;;;;
;;;5;GS/GSA BREAK;;;;;;;
;;;5;MEHARI;;;;;;;
;;;5;SAXO;;;;;;;
;;;5;SM;;;;;;;
;;;5;ELYSEE;;;;;;;
;;;24;MASTER MINIBUS;;;;;;;
;;;47;CELER;;;;;;;
;;;47;CELER SEDAN;;;;;;;
;;;47;CIELO SEDAN;;;;;;;
;;;32;A1 SPORTBACK;;;;;;;
;;;32;A1 QUATTRO;;;;;;;
;;;32;A3 SPORTBACK;;;;;;;
;;;32;RS4 AVANT;;;;;;;
;;;32;A8L W12;;;;;;;
;;;32;R8 V10;;;;;;;
;;;13;RANGER CD;;;;;;;
;;;15;T140;;;;;;;
;;;36;X1;;;;;;;
;;;36;X3;;;;;;;
;;;36;X5;;;;;;;
;;;36;X6;;;;;;;
;;;36;840;;;;;;;
;;;36;850;;;;;;;
;;;36;645;;;;;;;
;;;36;650;;;;;;;
;;;7;FIT TWIST;;;;;;;
;;;346;MP4;;;;;;;
;;;346;F1;;;;;;;
;;;13;MONDEO SW;;;;;;;
;;;13;ESCORT SEDAN;;;;;;;
;;;13;ESCORT CONVERSIVEL;;;;;;;
;;;108;MX-6;;;;;;;
;;;1;CORISCO;;;;;;;
;;;1;CHEVELLE;;;;;;;
;;;13;EXCURSION;;;;;;;
;;;2;TOURAN;;;;;;;
;;;13;F-10000;;;;;;;
;;;22;HOGGAR ESCAPADE;;;;;;;
;;;13;PHAETON;;;;;;;
;;;2;TRANSPORTER;;;;;;;
;;;16;GRAND BESTA;;;;;;;
;;;43;200SX;;;;;;;
;;;43;240SX;;;;;;;
;;;19;300M;;;;;;;
;;;19;300C TOURING;;;;;;;
;;;13;TORINO;;;;;;;
;;;1;VENTURE;;;;;;;
;;;1;FLEETLINE;;;;;;;
;;;1;FLEETMASTER;;;;;;;
;;;1;DELUXE;;;;;;;
;;;13;ESCORT XR3;;;;;;;
;;;1;MASTER;;;;;;;
;;;120;TORONADO;;;;;;;
;;;120;SIX;;;;;;;
;;;120;EIGHT;;;;;;;
;;;120;DELUXE;;;;;;;
;;;120;SERIES 60;;;;;;;
;;;120;SERIES 70;;;;;;;
;;;120;SERIES 80;;;;;;;
;;;120;SERIES 90;;;;;;;
;;;120;STARFIRE;;;;;;;
;;;120;442;;;;;;;
;;;120;CUTLASS;;;;;;;
;;;120;CUTLASS SUPREME;;;;;;;
;;;120;CUTLASS SALON;;;;;;;
;;;120;CUTLASS CALAIS;;;;;;;
;;;120;CUTLASS CIERA;;;;;;;
;;;120;CUSTOM CRUISER;;;;;;;
;;;120;VISTA CRUISER;;;;;;;
;;;120;F-85;;;;;;;
;;;120;FIRENZA;;;;;;;
;;;120;ACHIEVA;;;;;;;
;;;120;ALERO;;;;;;;
;;;120;AURORA;;;;;;;
;;;120;BRAVADA;;;;;;;
;;;120;INTRIGUE;;;;;;;
;;;120;SILHOUETTE;;;;;;;
;;;123;SUPERBIRD;;;;;;;
;;;123;FURY;;;;;;;
;;;123;SPECIAL;;;;;;;
;;;123;PROWLER;;;;;;;
;;;123;TRAIL DUSTER;;;;;;;
;;;123;VOYAGER;;;;;;;
;;;123;SCAMP;;;;;;;
;;;123;ARROW;;;;;;;
;;;123;PT50;;;;;;;
;;;123;PT57;;;;;;;
;;;123;PT81;;;;;;;
;;;123;PT105;;;;;;;
;;;123;PT125;;;;;;;
;;;123;EXPRESS;;;;;;;
;;;123;VOYAGER EXPRESSO;;;;;;;
;;;123;NEON;;;;;;;
;;;123;LASER;;;;;;;
;;;123;CARAVELLE;;;;;;;
;;;123;STATION WAGON;;;;;;;
;;;123;MODEL Q;;;;;;;
;;;123;MODEL P6;;;;;;;
;;;31;DB9 COUPE;;;;;;;
;;;31;DB9 VOLANTE;;;;;;;
;;;31;VIRAGE COUPE;;;;;;;
;;;31;RAPIDE S;;;;;;;
;;;31;V12 VANTAGE;;;;;;;
;;;31;V8 VANTAGE COUPE;;;;;;;
;;;31;V8 VANTAGE ROADSTER;;;;;;;
;;;31;V8 VANTAGE S COUPE;;;;;;;
;;;31;V8 VANTAGE S ROADSTER;;;;;;;
;;;31;VANQUISH COUPE;;;;;;;
;;;31;VANQUISH VOLANTE;;;;;;;
;;;31;V12 ZAGATO;;;;;;;
;;;31;DB5;;;;;;;
;;;31;DBS;;;;;;;
;;;31;DBS VOLANTE;;;;;;;
;;;31;CYGNET;;;;;;;
;;;31;ONE-77;;;;;;;
;;;31;DBR9;;;;;;;
;;;36;M3;;;;;;;
;;;36;M5;;;;;;;
;;;36;M6;;;;;;;
;;;36;X6 M;;;;;;;
;;;113;CABRIO;;;;;;;
;;;113;COUPE;;;;;;;
;;;113;ROADSTER;;;;;;;
;;;113;COUNTRYMAN;;;;;;;
;;;113;PACEMAN;;;;;;;
;;;113;JOHN COOPER WORKS;;;;;;;
;;;122;ZONDA;;;;;;;
;;;8;NEW XV;;;;;;;
;;;8;IMPREZA WRX HATCH;;;;;;;
;;;8;IMPREZA WRX STI HATCH;;;;;;;
;;;8;IMPREZA WRX STI SEDAN;;;;;;;
;;;8;IMPREZA WRX SEDAN;;;;;;;
;;;23;ETIOS CROSS;;;;;;;
;;;12;HURACAN;;;;;;;
;;;2;UP;;;;;;;
;;;195;EXPLORER;;;;;;;
;;;142;FORTWO CABRIO;;;;;;;
;;;26;GT;;;;;;;
;;;26;GTL;;;;;;;
;;;26;GTM;;;;;;;
;;;26;C2;;;;;;;
;;;26;CRX;;;;;;;
;;;26;AC 2000;;;;;;;
;;;99;AVIATOR;;;;;;;
;;;99;BLACKWOOD;;;;;;;
;;;99;CAPRI;;;;;;;
;;;99;CONTINENTAL;;;;;;;
;;;99;LS;;;;;;;
;;;99;MARK;;;;;;;
;;;99;MARK LT;;;;;;;
;;;99;MKR;;;;;;;
;;;99;MKS;;;;;;;
;;;99;MKX;;;;;;;
;;;99;MKZ;;;;;;;
;;;99;NAVIGATOR;;;;;;;
;;;99;PREMIERE;;;;;;;
;;;99;TOWN CAR;;;;;;;
;;;99;VERSAILLES;;;;;;;
;;;99;ZEPHYR;;;;;;;
;;;1;CLASSIC;;;;;;;
;;;21;ACTYON;;;;;;;
;;;1;MARAJO;;;;;;;
;;;1;SUPREMA;;;;;;;
;;;2;NEW BEETLE;;;;;;;
;;;2;QUANTUM;;;;;;;
;;;2;CROSSFOX;;;;;;;
;;;3;MILLE;;;;;;;
;;;534;GC2;;;;;;;
;;;534;EC7;;;;;;;
;;;98;530;;;;;;;
;;;3;MOBI;;;;;;;
;;;3;TORO;;;;;;;
;;;87;RENEGADE;;;;;;;
;;;24;DUSTER OROCH;;;;;;;
;;;24;SANDERO RS;;;;;;;
;;;14;HB20R;;;;;;;
;;;14;GRAND SANTA FE;;;;;;;
;;;2;GOLF VARIANT;;;;;;;
;;;2;SPACE CROSS;;;;;;;
;;;22;2008;;;;;;;
;;;16;QUORIS;;;;;;;
;;;16;GRAND CARNIVAL;;;;;;;
;;;15;T8;;;;;;;
;;;15;T6;;;;;;;
;;;15;T5;;;;;;;
;;;13;KA SEDAN;;;;;;;
;;;13;FOCUS FASTBACK;;;;;;;
